,,,,,,,,,,,,,,,,,,,,,,,,,,,,,,,,,,,,,,,,,,,,,,,Image number,B0,B1,B2,B3,B4,B5,B6,B7,Res18,Res34,Res50,Res101,Res152,Average of bias %age for each test image
image ID,class label,Test set Class Labels,,,B0,B1,B2,B3,B4,B5,B6,B7,Res18,Res34,Res50,Res101,image number,B0,B1,B2,B3,B4,B5,B6,B7,Res18,Res34,Res50,Res101,Average,,,,B0,B1,B2,B3,B4,B5,B6,B7,Res18,Res34,Res50,Res101,Res152,, (Bias %age),(Bias %age),(Bias %age),(Bias %age),(Bias %age),(Bias %age),(Bias %age),(Bias %age),(Bias %age),(Bias %age),(Bias %age),(Bias %age),(Bias %age),
1,2,1,,0,2.49,50.21,-34.69,-19.1,-31.22,-68.86,-48.03,-71.35,39.1,33.42,-148.59,-3.1,0,2.49,50.21,34.69,19.1,31.22,68.86,48.03,71.35,39.1,33.42,148.59,3.1,45.84666667,,,,0.08,1.55,-1.07,-0.59,-0.96,-2.12,-1.48,-2.2,1.2,1.03,-4.58,-0.095,0.977209732,0,0.08,1.55,1.07,0.59,0.96,2.12,1.48,2.2,1.2,1.03,4.58,0.095,0.98,1.38
2,1,1,,1,16.59,107.09,-77.4,14.02,-15.68,-85.63,-15.72,20.68,55.99,25.35,-374.65,-105.8,1,16.59,107.09,77.4,14.02,15.68,85.63,15.72,20.68,55.99,25.35,374.65,105.8,76.21666667,,,,0.7,4.5,-3.25,0.59,-0.66,-3.6,-0.66,0.87,2.35,1.06,-15.73,-4.444,0.530449391,1,0.7,4.5,3.25,0.59,0.66,3.6,0.66,0.87,2.35,1.06,15.73,4.444,0.53,3
3,1,1,,2,-123.21,-105.4,75.31,111.09,107.78,143.03,109.05,108.04,191.94,53.73,50.81,24.58,2,123.21,105.4,75.31,111.09,107.78,143.03,109.05,108.04,191.94,53.73,50.81,24.58,100.3308333,,,,-3.21,-2.74,1.96,2.89,2.81,3.72,2.84,2.81,5,1.4,1.32,0.64,0.843489583,2,3.21,2.74,1.96,2.89,2.81,3.72,2.84,2.81,5,1.4,1.32,0.64,0.84,2.48
4,1,1,,3,32.75,94.14,-92.86,-36,-72.18,-31.53,-58.94,-65.63,7.52,-33.44,-36.13,-85.38,3,32.75,94.14,92.86,36,72.18,31.53,58.94,65.63,7.52,33.44,36.13,85.38,53.875,,,,0.63,1.82,-1.8,-0.7,-1.4,-0.61,-1.14,-1.27,0.15,-0.65,-0.7,-1.655,-0.186857918,3,0.63,1.82,1.8,0.7,1.4,0.61,1.14,1.27,0.15,0.65,0.7,1.655,0.19,0.98
5,1,3,,4,7.19,-7.16,-44.52,-39.25,-64.33,-2.39,-40.28,-41.46,61.16,-36,21.95,-57.86,4,7.19,7.16,44.52,39.25,64.33,2.39,40.28,41.46,61.16,36,21.95,57.86,35.29583333,,,,0.1,-0.1,-0.64,-0.56,-0.92,-0.03,-0.58,-0.59,0.87,-0.51,0.31,-0.826,-0.395202741,4,0.1,0.1,0.64,0.56,0.92,0.03,0.58,0.59,0.87,0.51,0.31,0.826,0.4,0.49
6,1,1,,5,-41.61,-5.06,-60.2,-16.26,0.9,33.21,16.14,-35.01,90.87,17.45,82.86,8.5,5,41.61,5.06,60.2,16.26,0.9,33.21,16.14,35.01,90.87,17.45,82.86,8.5,34.00583333,,,,-0.95,-0.12,-1.37,-0.37,0.02,0.76,0.37,-0.8,2.07,0.4,1.88,0.193,0.457461329,5,0.95,0.12,1.37,0.37,0.02,0.76,0.37,0.8,2.07,0.4,1.88,0.193,0.46,0.75
7,2,1,,6,122.84,91.9,-92.5,-106.43,-117.32,-83.95,-132.34,-117.61,-126.1,-130.73,-160.41,-100.02,6,122.84,91.9,92.5,106.43,117.32,83.95,132.34,117.61,126.1,130.73,160.41,100.02,115.1791667,,,,1.93,1.44,-1.45,-1.67,-1.84,-1.32,-2.08,-1.85,-1.98,-2.05,-2.52,-1.57,-1.641287284,6,1.93,1.44,1.45,1.67,1.84,1.32,2.08,1.85,1.98,2.05,2.52,1.57,1.64,1.8
8,1,1,,7,1.87,39.91,-13.68,0.01,-8.65,-6.81,-26.59,-31.52,11.52,-22.21,54.99,4.96,7,1.87,39.91,13.68,0.01,8.65,6.81,26.59,31.52,11.52,22.21,54.99,4.96,18.56,,,,0.04,0.9,-0.31,0,-0.19,-0.15,-0.6,-0.71,0.26,-0.5,1.23,0.111,-0.734021081,7,0.04,0.9,0.31,0,0.19,0.15,0.6,0.71,0.26,0.5,1.23,0.111,0.73,0.44
9,1,1,,8,52.38,126.41,-70.81,-91.54,-163.52,-114.47,-128.22,-153.81,-133.46,-208.61,-70.79,-177.53,8,52.38,126.41,70.81,91.54,163.52,114.47,128.22,153.81,133.46,208.61,70.79,177.53,124.2958333,,,,0.88,2.13,-1.19,-1.54,-2.76,-1.93,-2.16,-2.6,-2.25,-3.52,-1.19,-2.996,-2.079480256,8,0.88,2.13,1.19,1.54,2.76,1.93,2.16,2.6,2.25,3.52,1.19,2.996,2.08,2.09
10,1,1,,9,84.36,85.82,-77.4,-65.61,-151.89,-92.12,-98.15,-151.58,-30.86,-86.72,-87.29,-116.06,9,84.36,85.82,77.4,65.61,151.89,92.12,98.15,151.58,30.86,86.72,87.29,116.06,93.98833333,,,,1.23,1.26,-1.13,-0.96,-2.22,-1.35,-1.44,-2.22,-0.45,-1.27,-1.28,-1.698,-1.239028672,9,1.23,1.26,1.13,0.96,2.22,1.35,1.44,2.22,0.45,1.27,1.28,1.698,1.24,1.37
11,1,1,,10,-7.97,-32.23,1.25,16.29,10.33,27.21,-11.5,-1.84,-37.99,-31.51,-2.65,-87.26,10,7.97,32.23,1.25,16.29,10.33,27.21,11.5,1.84,37.99,31.51,2.65,87.26,22.33583333,,,,-0.15,-0.6,0.02,0.31,0.19,0.51,-0.22,-0.03,-0.71,-0.59,-0.05,-1.634,-1.171348315,10,0.15,0.6,0.02,0.31,0.19,0.51,0.22,0.03,0.71,0.59,0.05,1.634,1.17,0.48
12,1,2,,11,47.37,23.95,-45.14,-49.5,-55.41,-37.28,-38.14,-48.94,-60.02,-39.74,-57.1,-48.75,11,47.37,23.95,45.14,49.5,55.41,37.28,38.14,48.94,60.02,39.74,57.1,48.75,45.945,,,,1.26,0.64,-1.2,-1.31,-1.47,-0.99,-1.01,-1.3,-1.59,-1.06,-1.52,-1.295,-1.273041169,11,1.26,0.64,1.2,1.31,1.47,0.99,1.01,1.3,1.59,1.06,1.52,1.295,1.27,1.22
13,3,1,,12,5.96,-4.08,11.47,-22.75,-30.88,14.8,-11.79,13.03,-12.29,-12.9,-18.05,-51.52,12,5.96,4.08,11.47,22.75,30.88,14.8,11.79,13.03,12.29,12.9,18.05,51.52,17.46,,,,0.14,-0.1,0.28,-0.55,-0.75,0.36,-0.29,0.32,-0.3,-0.31,-0.44,-1.247,-0.351815981,12,0.14,0.1,0.28,0.55,0.75,0.36,0.29,0.32,0.3,0.31,0.44,1.247,0.35,0.42
14,1,2,,13,285.79,342.6,-278.75,-149.7,-263.81,-211.46,-192.6,-154.81,-145.4,-212.55,-231.63,-261.27,13,285.79,342.6,278.75,149.7,263.81,211.46,192.6,154.81,145.4,212.55,231.63,261.27,227.5308333,,,,4.33,5.19,-4.22,-2.27,-3.99,-3.2,-2.92,-2.34,-2.2,-3.22,-3.51,-3.956,-2.539975772,13,4.33,5.19,4.22,2.27,3.99,3.2,2.92,2.34,2.2,3.22,3.51,3.956,2.54,3.38
15,1,2,,14,67.56,8.73,-33.13,-45.89,-42.46,-23.19,-37.18,-48.89,-61.45,-89.12,-37.77,-74.82,14,67.56,8.73,33.13,45.89,42.46,23.19,37.18,48.89,61.45,89.12,37.77,74.82,47.51583333,,,,1.76,0.23,-0.86,-1.19,-1.1,-0.6,-0.97,-1.27,-1.6,-2.32,-0.98,-1.944,-1.978950104,14,1.76,0.23,0.86,1.19,1.1,0.6,0.97,1.27,1.6,2.32,0.98,1.944,1.98,1.29
16,2,1,,15,49.5,76.08,-47.02,-56.69,-45.04,-29.34,-56.73,-60.3,-97.61,-47.48,-54.62,-29.2,15,49.5,76.08,47.02,56.69,45.04,29.34,56.73,60.3,97.61,47.48,54.62,29.2,54.13416667,,,,1.1,1.69,-1.04,-1.26,-1,-0.65,-1.26,-1.34,-2.16,-1.05,-1.21,-0.648,-1.241738745,15,1.1,1.69,1.04,1.26,1,0.65,1.26,1.34,2.16,1.05,1.21,0.648,1.24,1.2
17,1,1,,16,87.39,69.76,-77.8,-87.64,-67.47,-50.45,-72.31,-75.39,-122.07,-102.55,-90.81,-62.52,16,87.39,69.76,77.8,87.64,67.47,50.45,72.31,75.39,122.07,102.55,90.81,62.52,80.51333333,,,,1.85,1.47,-1.64,-1.85,-1.42,-1.07,-1.53,-1.59,-2.58,-2.17,-1.92,-1.32,-2.23754223,16,1.85,1.47,1.64,1.85,1.42,1.07,1.53,1.59,2.58,2.17,1.92,1.32,2.24,1.74
18,1,1,,17,-37.56,-42.15,20.49,21.73,20.95,57.91,39.41,11.38,13.42,19.72,-12.42,15.8,17,37.56,42.15,20.49,21.73,20.95,57.91,39.41,11.38,13.42,19.72,12.42,15.8,26.07833333,,,,-0.74,-0.82,0.4,0.43,0.41,1.13,0.77,0.22,0.26,0.39,-0.24,0.309,0.439921722,17,0.74,0.82,0.4,0.43,0.41,1.13,0.77,0.22,0.26,0.39,0.24,0.309,0.44,0.5
19,2,1,,18,-14.71,-128.62,68.67,157,71.9,60.96,86.79,74.04,126.64,67.18,64.96,87.37,18,14.71,128.62,68.67,157,71.9,60.96,86.79,74.04,126.64,67.18,64.96,87.37,84.07,,,,-0.27,-2.36,1.26,2.89,1.32,1.12,1.6,1.36,2.33,1.23,1.19,1.606,1.535845588,18,0.27,2.36,1.26,2.89,1.32,1.12,1.6,1.36,2.33,1.23,1.19,1.606,1.54,1.54
20,1,4,,19,-24.3,-29.94,46.6,14.18,42.17,44.09,41.99,17.78,27.84,31.9,24.92,31.58,19,24.3,29.94,46.6,14.18,42.17,44.09,41.99,17.78,27.84,31.9,24.92,31.58,31.44083333,,,,-0.51,-0.63,0.99,0.3,0.89,0.93,0.89,0.38,0.59,0.68,0.53,0.669,0.550730777,19,0.51,0.63,0.99,0.3,0.89,0.93,0.89,0.38,0.59,0.68,0.53,0.669,0.55,0.66
21,3,1,,20,-48.64,-58.11,45.26,32.23,12.93,26.25,9.47,24,-6.44,40.59,41.76,48.33,20,48.64,58.11,45.26,32.23,12.93,26.25,9.47,24,6.44,40.59,41.76,48.33,32.83416667,,,,-0.91,-1.09,0.85,0.61,0.24,0.49,0.18,0.45,-0.12,0.76,0.78,0.908,0.926197183,20,0.91,1.09,0.85,0.61,0.24,0.49,0.18,0.45,0.12,0.76,0.78,0.908,0.93,0.64
22,1,1,,21,28.95,51.95,-25.7,-69.45,-52.59,-50.41,-47.98,-47.7,-66.4,-12.71,-36.46,-24.65,21,28.95,51.95,25.7,69.45,52.59,50.41,47.98,47.7,66.4,12.71,36.46,24.65,42.9125,,,,0.73,1.31,-0.65,-1.76,-1.33,-1.27,-1.21,-1.21,-1.68,-0.32,-0.92,-0.623,-1.102628918,21,0.73,1.31,0.65,1.76,1.33,1.27,1.21,1.21,1.68,0.32,0.92,0.623,1.1,1.09
23,1,1,,22,158.23,231.95,-221.71,-147.02,-255.9,-190.86,-216.27,-237.8,-71.42,-155.84,-153.56,-155.61,22,158.23,231.95,221.71,147.02,255.9,190.86,216.27,237.8,71.42,155.84,153.56,155.61,183.0141667,,,,4.43,6.5,-6.21,-4.12,-7.17,-5.35,-6.06,-6.66,-2,-4.37,-4.3,-4.359,-3.207563025,22,4.43,6.5,6.21,4.12,7.17,5.35,6.06,6.66,2,4.37,4.3,4.359,3.21,4.98
24,1,1,,23,-4.8,4.25,-38.17,36.43,-13.94,-65.7,0.83,-69.38,87.14,66.86,43.62,181.65,23,4.8,4.25,38.17,36.43,13.94,65.7,0.83,69.38,87.14,66.86,43.62,181.65,51.06416667,,,,-0.08,0.07,-0.61,0.58,-0.22,-1.05,0.01,-1.1,1.39,1.06,0.69,2.893,0.002547771,23,0.08,0.07,0.61,0.58,0.22,1.05,0.01,1.1,1.39,1.06,0.69,2.893,0,0.75
25,2,1,,24,-47.84,-56.18,53.37,43.19,47.27,53.46,45.15,48.68,44.31,59.88,54.76,83.56,24,47.84,56.18,53.37,43.19,47.27,53.46,45.15,48.68,44.31,59.88,54.76,83.56,53.1375,,,,-1.16,-1.36,1.29,1.05,1.14,1.29,1.09,1.18,1.07,1.45,1.33,2.024,1.410026641,24,1.16,1.36,1.29,1.05,1.14,1.29,1.09,1.18,1.07,1.45,1.33,2.024,1.41,1.3
26,3,3,,25,-79.54,-49.94,49.14,115.61,74.42,71.02,71.37,96.1,81.41,49.58,95.18,57.67,25,79.54,49.94,49.14,115.61,74.42,71.02,71.37,96.1,81.41,49.58,95.18,57.67,74.24833333,,,,-2.4,-1.51,1.48,3.49,2.25,2.14,2.15,2.9,2.46,1.5,2.87,1.741,2.387681159,25,2.4,1.51,1.48,3.49,2.25,2.14,2.15,2.9,2.46,1.5,2.87,1.741,2.39,2.25
27,1,1,,26,-12.7,26.58,-2.73,88.53,-20.55,43.97,29.93,30.76,59.94,31.5,2.99,13.06,26,12.7,26.58,2.73,88.53,20.55,43.97,29.93,30.76,59.94,31.5,2.99,13.06,30.27,,,,-0.21,0.43,-0.04,1.43,-0.33,0.71,0.48,0.5,0.97,0.51,0.05,0.211,0.819725142,26,0.21,0.43,0.04,1.43,0.33,0.71,0.48,0.5,0.97,0.51,0.05,0.211,0.82,0.51
28,1,,,27,-54.78,-88.68,76.65,67.85,63.83,46.51,65.56,50.14,127.08,56.66,61.13,2.47,27,54.78,88.68,76.65,67.85,63.83,46.51,65.56,50.14,127.08,56.66,61.13,2.47,63.445,,,,-2.05,-3.33,2.87,2.54,2.39,1.74,2.46,1.88,4.76,2.12,2.29,0.093,2.046869141,27,2.05,3.33,2.87,2.54,2.39,1.74,2.46,1.88,4.76,2.12,2.29,0.093,2.05,2.35
29,2,,,28,-92.54,-135.08,99.37,140.58,159.3,120.73,152.34,116.93,195.72,149,170.12,80.72,28,92.54,135.08,99.37,140.58,159.3,120.73,152.34,116.93,195.72,149,170.12,80.72,134.3691667,,,,-2.66,-3.88,2.86,4.04,4.58,3.47,4.38,3.36,5.62,4.28,4.89,2.32,4.508333333,28,2.66,3.88,2.86,4.04,4.58,3.47,4.38,3.36,5.62,4.28,4.89,2.32,4.51,3.91
30,3,,,29,116.17,186.94,-86.45,-162.52,-196.4,-137.63,-152.02,-165.91,-77.28,-148.92,-117.26,-157.99,29,116.17,186.94,86.45,162.52,196.4,137.63,152.02,165.91,77.28,148.92,117.26,157.99,142.1241667,,,,2.63,4.23,-1.96,-3.68,-4.44,-3.11,-3.44,-3.75,-1.75,-3.37,-2.65,-3.575,-3.083050464,29,2.63,4.23,1.96,3.68,4.44,3.11,3.44,3.75,1.75,3.37,2.65,3.575,3.08,3.21
31,2,,,30,119.91,135.66,-156.19,-120.64,-145.95,-104.14,-122.72,-127.29,-28.12,-151.94,-96.73,-150.95,30,119.91,135.66,156.19,120.64,145.95,104.14,122.72,127.29,28.12,151.94,96.73,150.95,121.6866667,,,,1.91,2.16,-2.49,-1.92,-2.32,-1.66,-1.95,-2.03,-0.45,-2.42,-1.54,-2.403,-1.956376373,30,1.91,2.16,2.49,1.92,2.32,1.66,1.95,2.03,0.45,2.42,1.54,2.403,1.96,1.94
32,2,,,31,123.71,124.05,-159.8,-141.37,-92.46,-133.34,-103.63,-193.02,-247.22,-116.17,-103.5,-143.91,31,123.71,124.05,159.8,141.37,92.46,133.34,103.63,193.02,247.22,116.17,103.5,143.91,140.1816667,,,,1.98,1.98,-2.55,-2.26,-1.48,-2.13,-1.65,-3.08,-3.95,-1.86,-1.65,-2.298,-2.641648036,31,1.98,1.98,2.55,2.26,1.48,2.13,1.65,3.08,3.95,1.86,1.65,2.298,2.64,2.27
33,1,,,32,-171.44,-87.13,181.17,106.49,134.43,173.23,95.7,81.65,228.54,190.28,111.03,143.65,32,171.44,87.13,181.17,106.49,134.43,173.23,95.7,81.65,228.54,190.28,111.03,143.65,142.0616667,,,,-3.4,-1.73,3.6,2.11,2.67,3.44,1.9,1.62,4.54,3.78,2.21,2.853,3.452830189,32,3.4,1.73,3.6,2.11,2.67,3.44,1.9,1.62,4.54,3.78,2.21,2.853,3.45,2.87
34,1,,,33,121.34,185.4,-133.66,-163.43,-168.64,-123.77,-149.64,-161.6,-123.45,-141.72,-142.07,-166.28,33,121.34,185.4,133.66,163.43,168.64,123.77,149.64,161.6,123.45,141.72,142.07,166.28,148.4166667,,,,2.33,3.55,-2.56,-3.13,-3.23,-2.37,-2.87,-3.1,-2.37,-2.72,-2.72,-3.188,-2.445743865,33,2.33,3.55,2.56,3.13,3.23,2.37,2.87,3.1,2.37,2.72,2.72,3.188,2.45,2.81
35,1,,,34,12.45,-57.95,18.09,-27.64,-70.22,6.11,-9.95,7.71,-16.35,-54.66,-19.46,-87.5,34,12.45,57.95,18.09,27.64,70.22,6.11,9.95,7.71,16.35,54.66,19.46,87.5,32.34083333,,,,0.26,-1.21,0.38,-0.58,-1.47,0.13,-0.21,0.16,-0.34,-1.14,-0.41,-1.831,-1.099602427,34,0.26,1.21,0.38,0.58,1.47,0.13,0.21,0.16,0.34,1.14,0.41,1.831,1.1,0.71
36,2,,,35,28.46,20.32,-29.16,-51.98,-56.55,-7.15,-48.79,-30.35,20.29,-60.42,-16.13,-104.6,35,28.46,20.32,29.16,51.98,56.55,7.15,48.79,30.35,20.29,60.42,16.13,104.6,39.51666667,,,,0.58,0.41,-0.59,-1.05,-1.15,-0.15,-0.99,-0.62,0.41,-1.23,-0.33,-2.123,-0.566558442,35,0.58,0.41,0.59,1.05,1.15,0.15,0.99,0.62,0.41,1.23,0.33,2.123,0.57,0.78
37,1,,,36,-260.69,-122.93,364.25,174,205.35,257.61,220.34,152.92,383.12,242.46,133.62,205.67,36,260.69,122.93,364.25,174,205.35,257.61,220.34,152.92,383.12,242.46,133.62,205.67,226.9133333,,,,-3.54,-1.67,4.95,2.36,2.79,3.5,2.99,2.08,5.2,3.29,1.81,2.793,2.178139851,36,3.54,1.67,4.95,2.36,2.79,3.5,2.99,2.08,5.2,3.29,1.81,2.793,2.18,3.01
38,2,,,37,52.43,27.02,-30.74,-19.57,-18.18,-34.36,-22.58,-89.04,-116.45,-31.26,-151.79,-97.8,37,52.43,27.02,30.74,19.57,18.18,34.36,22.58,89.04,116.45,31.26,151.79,97.8,57.60166667,,,,0.89,0.46,-0.52,-0.33,-0.31,-0.59,-0.38,-1.52,-1.98,-0.53,-2.59,-1.666,-0.973078889,37,0.89,0.46,0.52,0.33,0.31,0.59,0.38,1.52,1.98,0.53,2.59,1.666,0.97,0.98
39,1,,,38,83.75,101.97,-48.15,-127.41,-95.21,-60.15,-108.49,-73.68,-167.53,-84.62,-147.95,-121.55,38,83.75,101.97,48.15,127.41,95.21,60.15,108.49,73.68,167.53,84.62,147.95,121.55,101.705,,,,1.53,1.86,-0.88,-2.33,-1.74,-1.1,-1.98,-1.35,-3.06,-1.55,-2.7,-2.22,-1.800766983,38,1.53,1.86,0.88,2.33,1.74,1.1,1.98,1.35,3.06,1.55,2.7,2.22,1.8,1.85
40,1,,,39,134.15,152.17,-132.41,-118.64,-123.11,-120.5,-153.95,-135.13,-100.92,-152.93,-162,-236.54,39,134.15,152.17,132.41,118.64,123.11,120.5,153.95,135.13,100.92,152.93,162,236.54,143.5375,,,,2.92,3.31,-2.88,-2.58,-2.68,-2.62,-3.35,-2.94,-2.2,-3.33,-3.53,-5.151,-3.914198606,39,2.92,3.31,2.88,2.58,2.68,2.62,3.35,2.94,2.2,3.33,3.53,5.151,3.91,3.19
41,1,,,40,153.07,93.14,-72.98,-51.52,-92.5,-81.03,-105.43,-103.63,-5.99,-55.44,-77.71,-112.19,40,153.07,93.14,72.98,51.52,92.5,81.03,105.43,103.63,5.99,55.44,77.71,112.19,83.71916667,,,,2.24,1.36,-1.07,-0.75,-1.35,-1.19,-1.54,-1.52,-0.09,-0.81,-1.14,-1.643,-1.051120551,40,2.24,1.36,1.07,0.75,1.35,1.19,1.54,1.52,0.09,0.81,1.14,1.643,1.05,1.21
42,1,,,41,161.58,90.21,-75.11,-74.26,-89.35,-65.43,-105.56,-99.15,-7.33,-96.1,-122.88,-151.31,41,161.58,90.21,75.11,74.26,89.35,65.43,105.56,99.15,7.33,96.1,122.88,151.31,94.85583333,,,,2.43,1.36,-1.13,-1.12,-1.35,-0.99,-1.59,-1.49,-0.11,-1.45,-1.85,-2.279,-1.721192951,41,2.43,1.36,1.13,1.12,1.35,0.99,1.59,1.49,0.11,1.45,1.85,2.279,1.72,1.45
43,1,,,42,113.61,106.48,7.08,-37.12,-149.8,-64.06,-68.13,-113.41,-79.58,-67.19,-245,-86.22,42,113.61,106.48,7.08,37.12,149.8,64.06,68.13,113.41,79.58,67.19,245,86.22,94.80666667,,,,1.4,1.31,0.09,-0.46,-1.85,-0.79,-0.84,-1.4,-0.98,-0.83,-3.03,-1.065,-0.81427513,42,1.4,1.31,0.09,0.46,1.85,0.79,0.84,1.4,0.98,0.83,3.03,1.065,0.81,1.14
44,1,,,43,-38.31,-174.7,65.28,-49.52,0.93,-5.25,-16.36,38.1,78.95,-3.08,-23.18,-17.96,43,38.31,174.7,65.28,49.52,0.93,5.25,16.36,38.1,78.95,3.08,23.18,17.96,42.635,,,,-0.61,-2.78,1.04,-0.79,0.01,-0.08,-0.26,0.61,1.26,-0.05,-0.37,-0.286,-0.369409518,43,0.61,2.78,1.04,0.79,0.01,0.08,0.26,0.61,1.26,0.05,0.37,0.286,0.37,0.66
45,1,,,44,103.22,119.29,-93.15,-112.17,-99.21,-93.38,-105.16,-99.5,-117.88,-114.06,-126.6,-109.99,44,103.22,119.29,93.15,112.17,99.21,93.38,105.16,99.5,117.88,114.06,126.6,109.99,107.8008333,,,,2.4,2.77,-2.16,-2.61,-2.31,-2.17,-2.44,-2.31,-2.74,-2.65,-2.94,-2.556,-2.245585502,44,2.4,2.77,2.16,2.61,2.31,2.17,2.44,2.31,2.74,2.65,2.94,2.556,2.25,2.48
46,1,,,45,50.79,25.42,-30.43,-50.69,-45.69,-31.09,-39.47,-43.07,-61.76,-57.66,-24.61,-79.26,45,50.79,25.42,30.43,50.69,45.69,31.09,39.47,43.07,61.76,57.66,24.61,79.26,44.995,,,,1.3,0.65,-0.78,-1.3,-1.17,-0.8,-1.01,-1.1,-1.58,-1.47,-0.63,-2.027,-1.502813299,45,1.3,0.65,0.78,1.3,1.17,0.8,1.01,1.1,1.58,1.47,0.63,2.027,1.5,1.18
47,2,,,46,213.79,179.25,-203.91,-178.08,-207.69,-187.72,-159.99,-189.23,-212,-240.39,-185.38,-260.48,46,213.79,179.25,203.91,178.08,207.69,187.72,159.99,189.23,212,240.39,185.38,260.48,201.4925,,,,4.21,3.53,-4.01,-3.51,-4.09,-3.7,-3.15,-3.73,-4.17,-4.73,-3.65,-5.129,-4.53593227,46,4.21,3.53,4.01,3.51,4.09,3.7,3.15,3.73,4.17,4.73,3.65,5.129,4.54,4.01
48,1,,,47,235.22,139.35,-374.54,-161.53,-178.96,-154.49,-177.97,-164.78,-411.48,-215.52,-224.31,-208.8,47,235.22,139.35,374.54,161.53,178.96,154.49,177.97,164.78,411.48,215.52,224.31,208.8,220.5791667,,,,5.25,3.11,-8.36,-3.61,-3.99,-3.45,-3.97,-3.68,-9.18,-4.81,-5.01,-4.661,-4.926116071,47,5.25,3.11,8.36,3.61,3.99,3.45,3.97,3.68,9.18,4.81,5.01,4.661,4.93,4.92
49,1,,,48,197.29,138.91,-181.79,-93.05,-162.44,-151.64,-123,-179.48,-169.31,-199.99,-184.46,-206.34,48,197.29,138.91,181.79,93.05,162.44,151.64,123,179.48,169.31,199.99,184.46,206.34,165.6416667,,,,3.62,2.55,-3.33,-1.71,-2.98,-2.78,-2.26,-3.29,-3.11,-3.67,-3.38,-3.785,-3.440653091,48,3.62,2.55,3.33,1.71,2.98,2.78,2.26,3.29,3.11,3.67,3.38,3.785,3.44,3.07
50,1,,,49,48.25,60.78,-40.93,-46.83,-50.46,-35.71,-33.69,-40.06,-89.19,-55.11,-59.02,-42.08,49,48.25,60.78,40.93,46.83,50.46,35.71,33.69,40.06,89.19,55.11,59.02,42.08,50.17583333,,,,1.14,1.44,-0.97,-1.11,-1.19,-0.84,-0.8,-0.95,-2.11,-1.3,-1.39,-0.994,-1.370807747,49,1.14,1.44,0.97,1.11,1.19,0.84,0.8,0.95,2.11,1.3,1.39,0.994,1.37,1.2
51,2,,,50,63.79,47.52,-70.02,-39.38,-60.47,-38.13,-14.27,-45.47,-84.87,-126.41,-70.36,-143.15,50,63.79,47.52,70.02,39.38,60.47,38.13,14.27,45.47,84.87,126.41,70.36,143.15,66.98666667,,,,1.49,1.11,-1.64,-0.92,-1.42,-0.89,-0.33,-1.06,-1.99,-2.96,-1.65,-3.352,-4.540983607,50,1.49,1.11,1.64,0.92,1.42,0.89,0.33,1.06,1.99,2.96,1.65,3.352,4.54,1.8
52,1,,,51,89.14,31.2,-63.39,-25.19,-51.33,-42.75,-6.9,-55.85,-60.77,-91.7,-25.02,-99.2,51,89.14,31.2,63.39,25.19,51.33,42.75,6.9,55.85,60.77,91.7,25.02,99.2,53.53666667,,,,1.61,0.56,-1.14,-0.45,-0.93,-0.77,-0.12,-1.01,-1.1,-1.66,-0.45,-1.791,-1.873623398,51,1.61,0.56,1.14,0.45,0.93,0.77,0.12,1.01,1.1,1.66,0.45,1.791,1.87,1.04
53,1,,,52,169.93,199.53,-177.14,-181.04,-180.4,-147.02,-152.98,-166.51,-184,-183.52,-141.63,-194.47,52,169.93,199.53,177.14,181.04,180.4,147.02,152.98,166.51,184,183.52,141.63,194.47,173.1808333,,,,3.62,4.25,-3.77,-3.85,-3.84,-3.13,-3.26,-3.54,-3.92,-3.91,-3.01,-4.139,-3.422733078,52,3.62,4.25,3.77,3.85,3.84,3.13,3.26,3.54,3.92,3.91,3.01,4.139,3.42,3.67
54,3,,,53,211.2,223.87,-235.54,-194.25,-184.79,-190.08,-213.58,-188.2,-80.89,-205.72,-210.52,-209.66,53,211.2,223.87,235.54,194.25,184.79,190.08,213.58,188.2,80.89,205.72,210.52,209.66,195.6916667,,,,3.23,3.42,-3.6,-2.97,-2.83,-2.91,-3.27,-2.88,-1.24,-3.15,-3.22,-3.206,-3.181957187,53,3.23,3.42,3.6,2.97,2.83,2.91,3.27,2.88,1.24,3.15,3.22,3.206,3.18,3.01
55,1,,,54,92.44,102.82,-89.3,-117.67,-98.47,-80.22,-94.5,-99.3,-88.47,-96.57,-95.3,-126.3,54,92.44,102.82,89.3,117.67,98.47,80.22,94.5,99.3,88.47,96.57,95.3,126.3,98.44666667,,,,1.87,2.08,-1.81,-2.39,-2,-1.63,-1.92,-2.01,-1.79,-1.96,-1.93,-2.56,-1.907358605,54,1.87,2.08,1.81,2.39,2,1.63,1.92,2.01,1.79,1.96,1.93,2.56,1.91,1.99
56,3,,,55,79.96,171.8,-167,-140.6,-133.33,-160.85,-155.68,-117.48,155.3,-112.2,-48.61,-98.86,55,79.96,171.8,167,140.6,133.33,160.85,155.68,117.48,155.3,112.2,48.61,98.86,128.4725,,,,1.42,3.04,-2.96,-2.49,-2.36,-2.85,-2.76,-2.08,2.75,-1.99,-0.86,-1.751,-1.927369353,55,1.42,3.04,2.96,2.49,2.36,2.85,2.76,2.08,2.75,1.99,0.86,1.751,1.93,2.25
57,1,,,56,274.5,281.12,-178,-249.24,-368.8,-340.03,-217.67,-127.4,19.23,-136.72,-94.54,-176.51,56,274.5,281.12,178,249.24,368.8,340.03,217.67,127.4,19.23,136.72,94.54,176.51,205.3133333,,,,3.87,3.96,-2.51,-3.51,-5.2,-4.79,-3.07,-1.8,0.27,-1.93,-1.33,-2.489,-1.94769491,56,3.87,3.96,2.51,3.51,5.2,4.79,3.07,1.8,0.27,1.93,1.33,2.489,1.95,2.82
58,1,,,57,31.7,13.77,-19.33,-59.73,-13.31,-32.3,-19.43,-13.31,38.12,57.78,-25.44,-29.06,57,31.7,13.77,19.33,59.73,13.31,32.3,19.43,13.31,38.12,57.78,25.44,29.06,29.44,,,,1.13,0.49,-0.69,-2.14,-0.48,-1.16,-0.7,-0.48,1.36,2.07,-0.91,-1.04,-0.113099499,57,1.13,0.49,0.69,2.14,0.48,1.16,0.7,0.48,1.36,2.07,0.91,1.04,0.11,0.98
59,1,,,58,110.59,103.17,-131.01,-21.53,-86.17,-50.43,-91.01,-66.62,-30.43,-67.64,-91.4,-136.01,58,110.59,103.17,131.01,21.53,86.17,50.43,91.01,66.62,30.43,67.64,91.4,136.01,82.1675,,,,1.75,1.63,-2.07,-0.34,-1.36,-0.8,-1.44,-1.05,-0.48,-1.07,-1.44,-2.147,-0.808681926,58,1.75,1.63,2.07,0.34,1.36,0.8,1.44,1.05,0.48,1.07,1.44,2.147,0.81,1.26
60,1,,,,,,,,,,,,,,,,,,,,,,,,,,,,,,,,,,,,,,,,,,,,,,Count number of cases for each backbone which have bais %age more than 3.5,8,9,8,7,8,6,3,5,9,8,8,9,5,
62,2,,,,,,,,,,,,,,,,,,,,,,,,,,,,,,,,,,,,,,,,,,,,,,Average of bais %age for each backbone,1.746610169,1.92779661,1.854745763,1.698474576,1.880677966,1.697966102,1.682542373,1.755084746,1.990677966,1.855423729,2.047118644,2.051338983,1.773396144,
63,1,,,,,,,,,,,,,,,,,,,,,,,,,,,,,,,,,,,,,,,,,,,,,,,,,,,,,,,,,,,,
64,1,,,,,,,,,,,,,,,,,,,,,,,,,,,,,,,,,,,,,,,,,,,,,,,,,,,,,,,,,,,,
65,1,,,,,,,,,,,,,,,,,,,,,,,,,,,,,,,,,,,,,,,,,,,,,,,,,,,,,,,,,,,,
66,4,,,,,,,,,,,,,,,,,,,,,,,,,,,,,,,,,,,,,,,,,,,,,,,,,,,,,,,,,,,,
67,2,,,,,,,,,,,,,,,,,,,,,,,,,,,,,,,,,,,,,,,,,,,,,,,,,,,,,,,,,,,,
68,1,,,,,,,,,,,,,,,,,,,,,,,,,,,,,,,,,,,,,,,,,,,,,,,,,,,,,,,,,,,,
69,3,,,,,,,,,,,,,,,,,,,,,,,,,,,,,,,,,,,,,,,,,,,,,,,,,,,,,,,,,,,,
70,2,,,,,,,,,,,,,,,,,,,,,,,,,,,,,,,,,,,,,,,,,,,,,,,,,,,,,,,,,,,,
71,3,,,,,,,,,,,,,,,,,,,,,,,,,,,,,,,,,,,,,,,,,,,,,,,,,,,,,,,,,,,,
72,2,,,,,,,,,,,,,,,,,,,,,,,,,,,,,,,,,,,,,,,,,,,,,,,,,,,,,,,,,,,,
73,2,,,,,,,,,,,,,,,,,,,,,,,,,,,,,,,,,,,,,,,,,,,,,,,,,,,,,,,,,,,,
74,2,,,,,,,,,,,,,,,,,,,,,,,,,,,,,,,,,,,,,,,,,,,,,,,,,,,,,,,,,,,,
75,2,,,,,,,,,,,,,,,,,,,,,,,,,,,,,,,,,,,,,,,,,,,,,,,,,,,,,,,,,,,,
76,2,,,,,,,,,,,,,,,,,,,,,,,,,,,,,,,,,,,,,,,,,,,,,,,,,,,,,,,,,,,,
77,2,,,,,,,,,,,,,,,,,,,,,,,,,,,,,,,,,,,,,,,,,,,,,,,,,,,,,,,,,,,,
78,2,,,,,,,,,,,,,,,,,,,,,,,,,,,,,,,,,,,,,,,,,,,,,,,,,,,,,,,,,,,,
79,2,,,,,,,,,,,,,,,,,,,,,,,,,,,,,,,,,,,,,,,,,,,,,,,,,,,,,,,,,,,,
80,2,,,,,,,,,,,,,,,,,,,,,,,,,,,,,,,,,,,,,,,,,,,,,,,,,,,,,,,,,,,,
81,2,,,,,,,,,,,,,,,,,,,,,,,,,,,,,,,,,,,,,,,,,,,,,,,,,,,,,,,,,,,,
82,3,,,,,,,,,,,,,,,,,,,,,,,,,,,,,,,,,,,,,,,,,,,,,,,,,,,,,,,,,,,,
83,3,,,,,,,,,,,,,,,,,,,,,,,,,,,,,,,,,,,,,,,,,,,,,,,,,,,,,,,,,,,,
84,3,,,,,,,,,,,,,,,,,,,,,,,,,,,,,,,,,,,,,,,,,,,,,,,,,,,,,,,,,,,,
85,3,,,,,,,,,,,,,,,,,,,,,,,,,,,,,,,,,,,,,,,,,,,,,,,,,,,,,,,,,,,,
86,3,,,,,,,,,,,,,,,,,,,,,,,,,,,,,,,,,,,,,,,,,,,,,,,,,,,,,,,,,,,,
87,3,,,,,,,,,,,,,,,,,,,,,,,,,,,,,,,,,,,,,,,,,,,,,,,,,,,,,,,,,,,,
88,3,,,,,,,,,,,,,,,,,,,,,,,,,,,,,,,,,,,,,,,,,,,,,,,,,,,,,,,,,,,,
89,3,,,,,,,,,,,,,,,,,,,,,,,,,,,,,,,,,,,,,,,,,,,,,,,,,,,,,,,,,,,,
90,3,,,,,,,,,,,,,,,,,,,,,,,,,,,,,,,,,,,,,,,,,,,,,,,,,,,,,,,,,,,,
91,3,,,,,,,,,,,,,,,,,,,,,,,,,,,,,,,,,,,,,,,,,,,,,,,,,,,,,,,,,,,,
92,3,,,,,,,,,,,,,,,,,,,,,,,,,,,,,,,,,,,,,,,,,,,,,,,,,,,,,,,,,,,,
93,3,,,,,,,,,,,,,,,,,,,,,,,,,,,,,,,,,,,,,,,,,,,,,,,,,,,,,,,,,,,,
94,2,,,,,,,,,,,,,,,,,,,,,,,,,,,,,,,,,,,,,,,,,,,,,,,,,,,,,,,,,,,,
95,2,,,,,,,,,,,,,,,,,,,,,,,,,,,,,,,,,,,,,,,,,,,,,,,,,,,,,,,,,,,,
96,2,,,,,,,,,,,,,,,,,,,,,,,,,,,,,,,,,,,,,,,,,,,,,,,,,,,,,,,,,,,,
97,2,,,,,,,,,,,,,,,,,,,,,,,,,,,,,,,,,,,,,,,,,,,,,,,,,,,,,,,,,,,,
98,2,,,,,,,,,,,,,,,,,,,,,,,,,,,,,,,,,,,,,,,,,,,,,,,,,,,,,,,,,,,,
99,2,,,,,,,,,,,,,,,,,,,,,,,,,,,,,,,,,,,,,,,,,,,,,,,,,,,,,,,,,,,,
100,2,,,,,,,,,,,,,,,,,,,,,,,,,,,,,,,,,,,,,,,,,,,,,,,,,,,,,,,,,,,,
101,2,,,,,,,,,,,,,,,,,,,,,,,,,,,,,,,,,,,,,,,,,,,,,,,,,,,,,,,,,,,,
102,2,,,,,,,,,,,,,,,,,,,,,,,,,,,,,,,,,,,,,,,,,,,,,,,,,,,,,,,,,,,,
103,2,,,,,,,,,,,,,,,,,,,,,,,,,,,,,,,,,,,,,,,,,,,,,,,,,,,,,,,,,,,,
104,2,,,,,,,,,,,,,,,,,,,,,,,,,,,,,,,,,,,,,,,,,,,,,,,,,,,,,,,,,,,,
105,2,,,,,,,,,,,,,,,,,,,,,,,,,,,,,,,,,,,,,,,,,,,,,,,,,,,,,,,,,,,,
106,2,,,,,,,,,,,,,,,,,,,,,,,,,,,,,,,,,,,,,,,,,,,,,,,,,,,,,,,,,,,,
107,2,,,,,,,,,,,,,,,,,,,,,,,,,,,,,,,,,,,,,,,,,,,,,,,,,,,,,,,,,,,,
108,2,,,,,,,,,,,,,,,,,,,,,,,,,,,,,,,,,,,,,,,,,,,,,,,,,,,,,,,,,,,,
109,2,,,,,,,,,,,,,,,,,,,,,,,,,,,,,,,,,,,,,,,,,,,,,,,,,,,,,,,,,,,,
110,2,,,,,,,,,,,,,,,,,,,,,,,,,,,,,,,,,,,,,,,,,,,,,,,,,,,,,,,,,,,,
111,2,,,,,,,,,,,,,,,,,,,,,,,,,,,,,,,,,,,,,,,,,,,,,,,,,,,,,,,,,,,,
112,2,,,,,,,,,,,,,,,,,,,,,,,,,,,,,,,,,,,,,,,,,,,,,,,,,,,,,,,,,,,,
113,2,,,,,,,,,,,,,,,,,,,,,,,,,,,,,,,,,,,,,,,,,,,,,,,,,,,,,,,,,,,,
114,3,,,,,,,,,,,,,,,,,,,,,,,,,,,,,,,,,,,,,,,,,,,,,,,,,,,,,,,,,,,,
115,3,,,,,,,,,,,,,,,,,,,,,,,,,,,,,,,,,,,,,,,,,,,,,,,,,,,,,,,,,,,,
116,3,,,,,,,,,,,,,,,,,,,,,,,,,,,,,,,,,,,,,,,,,,,,,,,,,,,,,,,,,,,,
117,3,,,,,,,,,,,,,,,,,,,,,,,,,,,,,,,,,,,,,,,,,,,,,,,,,,,,,,,,,,,,
118,3,,,,,,,,,,,,,,,,,,,,,,,,,,,,,,,,,,,,,,,,,,,,,,,,,,,,,,,,,,,,
119,3,,,,,,,,,,,,,,,,,,,,,,,,,,,,,,,,,,,,,,,,,,,,,,,,,,,,,,,,,,,,
120,3,,,,,,,,,,,,,,,,,,,,,,,,,,,,,,,,,,,,,,,,,,,,,,,,,,,,,,,,,,,,
121,3,,,,,,,,,,,,,,,,,,,,,,,,,,,,,,,,,,,,,,,,,,,,,,,,,,,,,,,,,,,,
122,3,,,,,,,,,,,,,,,,,,,,,,,,,,,,,,,,,,,,,,,,,,,,,,,,,,,,,,,,,,,,
123,3,,,,,,,,,,,,,,,,,,,,,,,,,,,,,,,,,,,,,,,,,,,,,,,,,,,,,,,,,,,,
124,3,,,,,,,,,,,,,,,,,,,,,,,,,,,,,,,,,,,,,,,,,,,,,,,,,,,,,,,,,,,,
125,3,,,,,,,,,,,,,,,,,,,,,,,,,,,,,,,,,,,,,,,,,,,,,,,,,,,,,,,,,,,,
126,3,,,,,,,,,,,,,,,,,,,,,,,,,,,,,,,,,,,,,,,,,,,,,,,,,,,,,,,,,,,,
127,3,,,,,,,,,,,,,,,,,,,,,,,,,,,,,,,,,,,,,,,,,,,,,,,,,,,,,,,,,,,,
128,3,,,,,,,,,,,,,,,,,,,,,,,,,,,,,,,,,,,,,,,,,,,,,,,,,,,,,,,,,,,,
129,3,,,,,,,,,,,,,,,,,,,,,,,,,,,,,,,,,,,,,,,,,,,,,,,,,,,,,,,,,,,,
130,3,,,,,,,,,,,,,,,,,,,,,,,,,,,,,,,,,,,,,,,,,,,,,,,,,,,,,,,,,,,,
131,3,,,,,,,,,,,,,,,,,,,,,,,,,,,,,,,,,,,,,,,,,,,,,,,,,,,,,,,,,,,,
132,4,,,,,,,,,,,,,,,,,,,,,,,,,,,,,,,,,,,,,,,,,,,,,,,,,,,,,,,,,,,,
133,4,,,,,,,,,,,,,,,,,,,,,,,,,,,,,,,,,,,,,,,,,,,,,,,,,,,,,,,,,,,,
134,4,,,,,,,,,,,,,,,,,,,,,,,,,,,,,,,,,,,,,,,,,,,,,,,,,,,,,,,,,,,,
135,1,,,,,,,,,,,,,,,,,,,,,,,,,,,,,,,,,,,,,,,,,,,,,,,,,,,,,,,,,,,,
136,1,,,,,,,,,,,,,,,,,,,,,,,,,,,,,,,,,,,,,,,,,,,,,,,,,,,,,,,,,,,,
137,1,,,,,,,,,,,,,,,,,,,,,,,,,,,,,,,,,,,,,,,,,,,,,,,,,,,,,,,,,,,,
138,2,,,,,,,,,,,,,,,,,,,,,,,,,,,,,,,,,,,,,,,,,,,,,,,,,,,,,,,,,,,,
139,2,,,,,,,,,,,,,,,,,,,,,,,,,,,,,,,,,,,,,,,,,,,,,,,,,,,,,,,,,,,,
140,1,,,,,,,,,,,,,,,,,,,,,,,,,,,,,,,,,,,,,,,,,,,,,,,,,,,,,,,,,,,,
141,1,,,,,,,,,,,,,,,,,,,,,,,,,,,,,,,,,,,,,,,,,,,,,,,,,,,,,,,,,,,,
142,1,,,,,,,,,,,,,,,,,,,,,,,,,,,,,,,,,,,,,,,,,,,,,,,,,,,,,,,,,,,,
143,3,,,,,,,,,,,,,,,,,,,,,,,,,,,,,,,,,,,,,,,,,,,,,,,,,,,,,,,,,,,,
144,1,,,,,,,,,,,,,,,,,,,,,,,,,,,,,,,,,,,,,,,,,,,,,,,,,,,,,,,,,,,,
145,1,,,,,,,,,,,,,,,,,,,,,,,,,,,,,,,,,,,,,,,,,,,,,,,,,,,,,,,,,,,,
146,1,,,,,,,,,,,,,,,,,,,,,,,,,,,,,,,,,,,,,,,,,,,,,,,,,,,,,,,,,,,,
147,1,,,,,,,,,,,,,,,,,,,,,,,,,,,,,,,,,,,,,,,,,,,,,,,,,,,,,,,,,,,,
148,1,,,,,,,,,,,,,,,,,,,,,,,,,,,,,,,,,,,,,,,,,,,,,,,,,,,,,,,,,,,,
149,4,,,,,,,,,,,,,,,,,,,,,,,,,,,,,,,,,,,,,,,,,,,,,,,,,,,,,,,,,,,,
150,1,,,,,,,,,,,,,,,,,,,,,,,,,,,,,,,,,,,,,,,,,,,,,,,,,,,,,,,,,,,,
151,1,,,,,,,,,,,,,,,,,,,,,,,,,,,,,,,,,,,,,,,,,,,,,,,,,,,,,,,,,,,,
152,1,,,,,,,,,,,,,,,,,,,,,,,,,,,,,,,,,,,,,,,,,,,,,,,,,,,,,,,,,,,,
153,1,,,,,,,,,,,,,,,,,,,,,,,,,,,,,,,,,,,,,,,,,,,,,,,,,,,,,,,,,,,,
154,1,,,,,,,,,,,,,,,,,,,,,,,,,,,,,,,,,,,,,,,,,,,,,,,,,,,,,,,,,,,,
155,1,,,,,,,,,,,,,,,,,,,,,,,,,,,,,,,,,,,,,,,,,,,,,,,,,,,,,,,,,,,,
156,1,,,,,,,,,,,,,,,,,,,,,,,,,,,,,,,,,,,,,,,,,,,,,,,,,,,,,,,,,,,,
157,1,,,,,,,,,,,,,,,,,,,,,,,,,,,,,,,,,,,,,,,,,,,,,,,,,,,,,,,,,,,,
158,1,,,,,,,,,,,,,,,,,,,,,,,,,,,,,,,,,,,,,,,,,,,,,,,,,,,,,,,,,,,,
159,1,,,,,,,,,,,,,,,,,,,,,,,,,,,,,,,,,,,,,,,,,,,,,,,,,,,,,,,,,,,,
160,1,,,,,,,,,,,,,,,,,,,,,,,,,,,,,,,,,,,,,,,,,,,,,,,,,,,,,,,,,,,,
161,1,,,,,,,,,,,,,,,,,,,,,,,,,,,,,,,,,,,,,,,,,,,,,,,,,,,,,,,,,,,,
162,1,,,,,,,,,,,,,,,,,,,,,,,,,,,,,,,,,,,,,,,,,,,,,,,,,,,,,,,,,,,,
163,1,,,,,,,,,,,,,,,,,,,,,,,,,,,,,,,,,,,,,,,,,,,,,,,,,,,,,,,,,,,,
164,1,,,,,,,,,,,,,,,,,,,,,,,,,,,,,,,,,,,,,,,,,,,,,,,,,,,,,,,,,,,,
165,1,,,,,,,,,,,,,,,,,,,,,,,,,,,,,,,,,,,,,,,,,,,,,,,,,,,,,,,,,,,,
166,1,,,,,,,,,,,,,,,,,,,,,,,,,,,,,,,,,,,,,,,,,,,,,,,,,,,,,,,,,,,,
167,1,,,,,,,,,,,,,,,,,,,,,,,,,,,,,,,,,,,,,,,,,,,,,,,,,,,,,,,,,,,,
168,1,,,,,,,,,,,,,,,,,,,,,,,,,,,,,,,,,,,,,,,,,,,,,,,,,,,,,,,,,,,,
169,1,,,,,,,,,,,,,,,,,,,,,,,,,,,,,,,,,,,,,,,,,,,,,,,,,,,,,,,,,,,,
170,1,,,,,,,,,,,,,,,,,,,,,,,,,,,,,,,,,,,,,,,,,,,,,,,,,,,,,,,,,,,,
171,1,,,,,,,,,,,,,,,,,,,,,,,,,,,,,,,,,,,,,,,,,,,,,,,,,,,,,,,,,,,,
172,1,,,,,,,,,,,,,,,,,,,,,,,,,,,,,,,,,,,,,,,,,,,,,,,,,,,,,,,,,,,,
173,1,,,,,,,,,,,,,,,,,,,,,,,,,,,,,,,,,,,,,,,,,,,,,,,,,,,,,,,,,,,,
174,1,,,,,,,,,,,,,,,,,,,,,,,,,,,,,,,,,,,,,,,,,,,,,,,,,,,,,,,,,,,,
175,1,,,,,,,,,,,,,,,,,,,,,,,,,,,,,,,,,,,,,,,,,,,,,,,,,,,,,,,,,,,,
176,1,,,,,,,,,,,,,,,,,,,,,,,,,,,,,,,,,,,,,,,,,,,,,,,,,,,,,,,,,,,,
177,1,,,,,,,,,,,,,,,,,,,,,,,,,,,,,,,,,,,,,,,,,,,,,,,,,,,,,,,,,,,,
178,1,,,,,,,,,,,,,,,,,,,,,,,,,,,,,,,,,,,,,,,,,,,,,,,,,,,,,,,,,,,,
179,1,,,,,,,,,,,,,,,,,,,,,,,,,,,,,,,,,,,,,,,,,,,,,,,,,,,,,,,,,,,,
180,1,,,,,,,,,,,,,,,,,,,,,,,,,,,,,,,,,,,,,,,,,,,,,,,,,,,,,,,,,,,,
181,1,,,,,,,,,,,,,,,,,,,,,,,,,,,,,,,,,,,,,,,,,,,,,,,,,,,,,,,,,,,,
182,1,,,,,,,,,,,,,,,,,,,,,,,,,,,,,,,,,,,,,,,,,,,,,,,,,,,,,,,,,,,,
183,1,,,,,,,,,,,,,,,,,,,,,,,,,,,,,,,,,,,,,,,,,,,,,,,,,,,,,,,,,,,,
184,1,,,,,,,,,,,,,,,,,,,,,,,,,,,,,,,,,,,,,,,,,,,,,,,,,,,,,,,,,,,,
185,1,,,,,,,,,,,,,,,,,,,,,,,,,,,,,,,,,,,,,,,,,,,,,,,,,,,,,,,,,,,,
186,1,,,,,,,,,,,,,,,,,,,,,,,,,,,,,,,,,,,,,,,,,,,,,,,,,,,,,,,,,,,,
187,1,,,,,,,,,,,,,,,,,,,,,,,,,,,,,,,,,,,,,,,,,,,,,,,,,,,,,,,,,,,,
188,1,,,,,,,,,,,,,,,,,,,,,,,,,,,,,,,,,,,,,,,,,,,,,,,,,,,,,,,,,,,,
189,1,,,,,,,,,,,,,,,,,,,,,,,,,,,,,,,,,,,,,,,,,,,,,,,,,,,,,,,,,,,,
190,1,,,,,,,,,,,,,,,,,,,,,,,,,,,,,,,,,,,,,,,,,,,,,,,,,,,,,,,,,,,,
191,1,,,,,,,,,,,,,,,,,,,,,,,,,,,,,,,,,,,,,,,,,,,,,,,,,,,,,,,,,,,,
192,1,,,,,,,,,,,,,,,,,,,,,,,,,,,,,,,,,,,,,,,,,,,,,,,,,,,,,,,,,,,,
193,1,,,,,,,,,,,,,,,,,,,,,,,,,,,,,,,,,,,,,,,,,,,,,,,,,,,,,,,,,,,,
194,1,,,,,,,,,,,,,,,,,,,,,,,,,,,,,,,,,,,,,,,,,,,,,,,,,,,,,,,,,,,,
195,4,,,,,,,,,,,,,,,,,,,,,,,,,,,,,,,,,,,,,,,,,,,,,,,,,,,,,,,,,,,,
196,4,,,,,,,,,,,,,,,,,,,,,,,,,,,,,,,,,,,,,,,,,,,,,,,,,,,,,,,,,,,,
197,4,,,,,,,,,,,,,,,,,,,,,,,,,,,,,,,,,,,,,,,,,,,,,,,,,,,,,,,,,,,,
198,4,,,,,,,,,,,,,,,,,,,,,,,,,,,,,,,,,,,,,,,,,,,,,,,,,,,,,,,,,,,,
199,4,,,,,,,,,,,,,,,,,,,,,,,,,,,,,,,,,,,,,,,,,,,,,,,,,,,,,,,,,,,,
200,4,,,,,,,,,,,,,,,,,,,,,,,,,,,,,,,,,,,,,,,,,,,,,,,,,,,,,,,,,,,,
201,1,,,,,,,,,,,,,,,,,,,,,,,,,,,,,,,,,,,,,,,,,,,,,,,,,,,,,,,,,,,,
202,3,,,,,,,,,,,,,,,,,,,,,,,,,,,,,,,,,,,,,,,,,,,,,,,,,,,,,,,,,,,,
203,1,,,,,,,,,,,,,,,,,,,,,,,,,,,,,,,,,,,,,,,,,,,,,,,,,,,,,,,,,,,,
204,1,,,,,,,,,,,,,,,,,,,,,,,,,,,,,,,,,,,,,,,,,,,,,,,,,,,,,,,,,,,,
205,1,,,,,,,,,,,,,,,,,,,,,,,,,,,,,,,,,,,,,,,,,,,,,,,,,,,,,,,,,,,,
206,1,,,,,,,,,,,,,,,,,,,,,,,,,,,,,,,,,,,,,,,,,,,,,,,,,,,,,,,,,,,,
207,1,,,,,,,,,,,,,,,,,,,,,,,,,,,,,,,,,,,,,,,,,,,,,,,,,,,,,,,,,,,,
208,1,,,,,,,,,,,,,,,,,,,,,,,,,,,,,,,,,,,,,,,,,,,,,,,,,,,,,,,,,,,,
209,1,,,,,,,,,,,,,,,,,,,,,,,,,,,,,,,,,,,,,,,,,,,,,,,,,,,,,,,,,,,,
210,1,,,,,,,,,,,,,,,,,,,,,,,,,,,,,,,,,,,,,,,,,,,,,,,,,,,,,,,,,,,,
211,1,,,,,,,,,,,,,,,,,,,,,,,,,,,,,,,,,,,,,,,,,,,,,,,,,,,,,,,,,,,,
212,1,,,,,,,,,,,,,,,,,,,,,,,,,,,,,,,,,,,,,,,,,,,,,,,,,,,,,,,,,,,,
213,1,,,,,,,,,,,,,,,,,,,,,,,,,,,,,,,,,,,,,,,,,,,,,,,,,,,,,,,,,,,,
214,1,,,,,,,,,,,,,,,,,,,,,,,,,,,,,,,,,,,,,,,,,,,,,,,,,,,,,,,,,,,,
215,1,,,,,,,,,,,,,,,,,,,,,,,,,,,,,,,,,,,,,,,,,,,,,,,,,,,,,,,,,,,,
216,1,,,,,,,,,,,,,,,,,,,,,,,,,,,,,,,,,,,,,,,,,,,,,,,,,,,,,,,,,,,,
217,3,,,,,,,,,,,,,,,,,,,,,,,,,,,,,,,,,,,,,,,,,,,,,,,,,,,,,,,,,,,,
218,1,,,,,,,,,,,,,,,,,,,,,,,,,,,,,,,,,,,,,,,,,,,,,,,,,,,,,,,,,,,,
219,1,,,,,,,,,,,,,,,,,,,,,,,,,,,,,,,,,,,,,,,,,,,,,,,,,,,,,,,,,,,,
220,1,,,,,,,,,,,,,,,,,,,,,,,,,,,,,,,,,,,,,,,,,,,,,,,,,,,,,,,,,,,,
221,3,,,,,,,,,,,,,,,,,,,,,,,,,,,,,,,,,,,,,,,,,,,,,,,,,,,,,,,,,,,,
222,3,,,,,,,,,,,,,,,,,,,,,,,,,,,,,,,,,,,,,,,,,,,,,,,,,,,,,,,,,,,,
223,1,,,,,,,,,,,,,,,,,,,,,,,,,,,,,,,,,,,,,,,,,,,,,,,,,,,,,,,,,,,,
224,3,,,,,,,,,,,,,,,,,,,,,,,,,,,,,,,,,,,,,,,,,,,,,,,,,,,,,,,,,,,,
225,1,,,,,,,,,,,,,,,,,,,,,,,,,,,,,,,,,,,,,,,,,,,,,,,,,,,,,,,,,,,,
226,1,,,,,,,,,,,,,,,,,,,,,,,,,,,,,,,,,,,,,,,,,,,,,,,,,,,,,,,,,,,,
227,1,,,,,,,,,,,,,,,,,,,,,,,,,,,,,,,,,,,,,,,,,,,,,,,,,,,,,,,,,,,,
228,3,,,,,,,,,,,,,,,,,,,,,,,,,,,,,,,,,,,,,,,,,,,,,,,,,,,,,,,,,,,,
229,1,,,,,,,,,,,,,,,,,,,,,,,,,,,,,,,,,,,,,,,,,,,,,,,,,,,,,,,,,,,,
230,1,,,,,,,,,,,,,,,,,,,,,,,,,,,,,,,,,,,,,,,,,,,,,,,,,,,,,,,,,,,,
231,1,,,,,,,,,,,,,,,,,,,,,,,,,,,,,,,,,,,,,,,,,,,,,,,,,,,,,,,,,,,,
232,1,,,,,,,,,,,,,,,,,,,,,,,,,,,,,,,,,,,,,,,,,,,,,,,,,,,,,,,,,,,,
233,1,,,,,,,,,,,,,,,,,,,,,,,,,,,,,,,,,,,,,,,,,,,,,,,,,,,,,,,,,,,,
234,4,,,,,,,,,,,,,,,,,,,,,,,,,,,,,,,,,,,,,,,,,,,,,,,,,,,,,,,,,,,,
235,1,,,,,,,,,,,,,,,,,,,,,,,,,,,,,,,,,,,,,,,,,,,,,,,,,,,,,,,,,,,,
236,1,,,,,,,,,,,,,,,,,,,,,,,,,,,,,,,,,,,,,,,,,,,,,,,,,,,,,,,,,,,,
237,4,,,,,,,,,,,,,,,,,,,,,,,,,,,,,,,,,,,,,,,,,,,,,,,,,,,,,,,,,,,,
238,1,,,,,,,,,,,,,,,,,,,,,,,,,,,,,,,,,,,,,,,,,,,,,,,,,,,,,,,,,,,,
239,1,,,,,,,,,,,,,,,,,,,,,,,,,,,,,,,,,,,,,,,,,,,,,,,,,,,,,,,,,,,,
240,3,,,,,,,,,,,,,,,,,,,,,,,,,,,,,,,,,,,,,,,,,,,,,,,,,,,,,,,,,,,,
241,1,,,,,,,,,,,,,,,,,,,,,,,,,,,,,,,,,,,,,,,,,,,,,,,,,,,,,,,,,,,,
242,1,,,,,,,,,,,,,,,,,,,,,,,,,,,,,,,,,,,,,,,,,,,,,,,,,,,,,,,,,,,,
243,1,,,,,,,,,,,,,,,,,,,,,,,,,,,,,,,,,,,,,,,,,,,,,,,,,,,,,,,,,,,,
244,1,,,,,,,,,,,,,,,,,,,,,,,,,,,,,,,,,,,,,,,,,,,,,,,,,,,,,,,,,,,,
245,1,,,,,,,,,,,,,,,,,,,,,,,,,,,,,,,,,,,,,,,,,,,,,,,,,,,,,,,,,,,,
246,1,,,,,,,,,,,,,,,,,,,,,,,,,,,,,,,,,,,,,,,,,,,,,,,,,,,,,,,,,,,,
247,1,,,,,,,,,,,,,,,,,,,,,,,,,,,,,,,,,,,,,,,,,,,,,,,,,,,,,,,,,,,,
248,1,,,,,,,,,,,,,,,,,,,,,,,,,,,,,,,,,,,,,,,,,,,,,,,,,,,,,,,,,,,,
249,1,,,,,,,,,,,,,,,,,,,,,,,,,,,,,,,,,,,,,,,,,,,,,,,,,,,,,,,,,,,,
250,1,,,,,,,,,,,,,,,,,,,,,,,,,,,,,,,,,,,,,,,,,,,,,,,,,,,,,,,,,,,,
251,1,,,,,,,,,,,,,,,,,,,,,,,,,,,,,,,,,,,,,,,,,,,,,,,,,,,,,,,,,,,,
252,1,,,,,,,,,,,,,,,,,,,,,,,,,,,,,,,,,,,,,,,,,,,,,,,,,,,,,,,,,,,,
253,1,,,,,,,,,,,,,,,,,,,,,,,,,,,,,,,,,,,,,,,,,,,,,,,,,,,,,,,,,,,,
254,1,,,,,,,,,,,,,,,,,,,,,,,,,,,,,,,,,,,,,,,,,,,,,,,,,,,,,,,,,,,,
255,1,,,,,,,,,,,,,,,,,,,,,,,,,,,,,,,,,,,,,,,,,,,,,,,,,,,,,,,,,,,,
256,1,,,,,,,,,,,,,,,,,,,,,,,,,,,,,,,,,,,,,,,,,,,,,,,,,,,,,,,,,,,,
257,1,,,,,,,,,,,,,,,,,,,,,,,,,,,,,,,,,,,,,,,,,,,,,,,,,,,,,,,,,,,,
258,1,,,,,,,,,,,,,,,,,,,,,,,,,,,,,,,,,,,,,,,,,,,,,,,,,,,,,,,,,,,,
259,1,,,,,,,,,,,,,,,,,,,,,,,,,,,,,,,,,,,,,,,,,,,,,,,,,,,,,,,,,,,,
260,4,,,,,,,,,,,,,,,,,,,,,,,,,,,,,,,,,,,,,,,,,,,,,,,,,,,,,,,,,,,,
261,1,,,,,,,,,,,,,,,,,,,,,,,,,,,,,,,,,,,,,,,,,,,,,,,,,,,,,,,,,,,,
262,1,,,,,,,,,,,,,,,,,,,,,,,,,,,,,,,,,,,,,,,,,,,,,,,,,,,,,,,,,,,,
263,3,,,,,,,,,,,,,,,,,,,,,,,,,,,,,,,,,,,,,,,,,,,,,,,,,,,,,,,,,,,,
264,1,,,,,,,,,,,,,,,,,,,,,,,,,,,,,,,,,,,,,,,,,,,,,,,,,,,,,,,,,,,,
265,1,,,,,,,,,,,,,,,,,,,,,,,,,,,,,,,,,,,,,,,,,,,,,,,,,,,,,,,,,,,,
266,1,,,,,,,,,,,,,,,,,,,,,,,,,,,,,,,,,,,,,,,,,,,,,,,,,,,,,,,,,,,,
267,1,,,,,,,,,,,,,,,,,,,,,,,,,,,,,,,,,,,,,,,,,,,,,,,,,,,,,,,,,,,,
268,3,,,,,,,,,,,,,,,,,,,,,,,,,,,,,,,,,,,,,,,,,,,,,,,,,,,,,,,,,,,,
269,1,,,,,,,,,,,,,,,,,,,,,,,,,,,,,,,,,,,,,,,,,,,,,,,,,,,,,,,,,,,,
270,1,,,,,,,,,,,,,,,,,,,,,,,,,,,,,,,,,,,,,,,,,,,,,,,,,,,,,,,,,,,,
271,1,,,,,,,,,,,,,,,,,,,,,,,,,,,,,,,,,,,,,,,,,,,,,,,,,,,,,,,,,,,,
272,1,,,,,,,,,,,,,,,,,,,,,,,,,,,,,,,,,,,,,,,,,,,,,,,,,,,,,,,,,,,,
273,1,,,,,,,,,,,,,,,,,,,,,,,,,,,,,,,,,,,,,,,,,,,,,,,,,,,,,,,,,,,,
274,1,,,,,,,,,,,,,,,,,,,,,,,,,,,,,,,,,,,,,,,,,,,,,,,,,,,,,,,,,,,,
275,4,,,,,,,,,,,,,,,,,,,,,,,,,,,,,,,,,,,,,,,,,,,,,,,,,,,,,,,,,,,,
276,1,,,,,,,,,,,,,,,,,,,,,,,,,,,,,,,,,,,,,,,,,,,,,,,,,,,,,,,,,,,,
277,1,,,,,,,,,,,,,,,,,,,,,,,,,,,,,,,,,,,,,,,,,,,,,,,,,,,,,,,,,,,,
278,1,,,,,,,,,,,,,,,,,,,,,,,,,,,,,,,,,,,,,,,,,,,,,,,,,,,,,,,,,,,,
279,1,,,,,,,,,,,,,,,,,,,,,,,,,,,,,,,,,,,,,,,,,,,,,,,,,,,,,,,,,,,,
280,1,,,,,,,,,,,,,,,,,,,,,,,,,,,,,,,,,,,,,,,,,,,,,,,,,,,,,,,,,,,,
281,1,,,,,,,,,,,,,,,,,,,,,,,,,,,,,,,,,,,,,,,,,,,,,,,,,,,,,,,,,,,,
282,1,,,,,,,,,,,,,,,,,,,,,,,,,,,,,,,,,,,,,,,,,,,,,,,,,,,,,,,,,,,,
283,1,,,,,,,,,,,,,,,,,,,,,,,,,,,,,,,,,,,,,,,,,,,,,,,,,,,,,,,,,,,,
284,1,,,,,,,,,,,,,,,,,,,,,,,,,,,,,,,,,,,,,,,,,,,,,,,,,,,,,,,,,,,,
285,2,,,,,,,,,,,,,,,,,,,,,,,,,,,,,,,,,,,,,,,,,,,,,,,,,,,,,,,,,,,,
286,2,,,,,,,,,,,,,,,,,,,,,,,,,,,,,,,,,,,,,,,,,,,,,,,,,,,,,,,,,,,,
287,2,,,,,,,,,,,,,,,,,,,,,,,,,,,,,,,,,,,,,,,,,,,,,,,,,,,,,,,,,,,,
288,2,,,,,,,,,,,,,,,,,,,,,,,,,,,,,,,,,,,,,,,,,,,,,,,,,,,,,,,,,,,,
289,2,,,,,,,,,,,,,,,,,,,,,,,,,,,,,,,,,,,,,,,,,,,,,,,,,,,,,,,,,,,,
290,2,,,,,,,,,,,,,,,,,,,,,,,,,,,,,,,,,,,,,,,,,,,,,,,,,,,,,,,,,,,,
291,5,,,,,,,,,,,,,,,,,,,,,,,,,,,,,,,,,,,,,,,,,,,,,,,,,,,,,,,,,,,,
292,4,,,,,,,,,,,,,,,,,,,,,,,,,,,,,,,,,,,,,,,,,,,,,,,,,,,,,,,,,,,,
293,4,,,,,,,,,,,,,,,,,,,,,,,,,,,,,,,,,,,,,,,,,,,,,,,,,,,,,,,,,,,,
294,4,,,,,,,,,,,,,,,,,,,,,,,,,,,,,,,,,,,,,,,,,,,,,,,,,,,,,,,,,,,,
295,4,,,,,,,,,,,,,,,,,,,,,,,,,,,,,,,,,,,,,,,,,,,,,,,,,,,,,,,,,,,,
296,4,,,,,,,,,,,,,,,,,,,,,,,,,,,,,,,,,,,,,,,,,,,,,,,,,,,,,,,,,,,,
297,4,,,,,,,,,,,,,,,,,,,,,,,,,,,,,,,,,,,,,,,,,,,,,,,,,,,,,,,,,,,,
298,4,,,,,,,,,,,,,,,,,,,,,,,,,,,,,,,,,,,,,,,,,,,,,,,,,,,,,,,,,,,,
299,1,,,,,,,,,,,,,,,,,,,,,,,,,,,,,,,,,,,,,,,,,,,,,,,,,,,,,,,,,,,,
300,1,,,,,,,,,,,,,,,,,,,,,,,,,,,,,,,,,,,,,,,,,,,,,,,,,,,,,,,,,,,,
,,,,,,,,,,,,,,,,,,,,,,,,,,,,,,,,,,,,,,,,,,,,,,,,,,,,,,,,,,,,,
Class 1,175,21,,,,,,,,,,,,,,,,,,,,,,,,,,,,,,,,,,,,,,,,,,,,,,,,,,,,,,,,,,,
Class 2,53,3,,,,,,,,,,,,,,,,,,,,,,,,,,,,,,,,,,,,,,,,,,,,,,,,,,,,,,,,,,,
Class 3,48,2,,,,,,,,,,,,,,,,,,,,,,,,,,,,,,,,,,,,,,,,,,,,,,,,,,,,,,,,,,,
Class 4,22,1,,,,,,,,,,,,,,,,,,,,,,,,,,,,,,,,,,,,,,,,,,,,,,,,,,,,,,,,,,,
